Part Name,Color,Quantity,Part ID,Color Code
"Brick  2 x  3","Black",1,3002.dat,0
"Brick  1 x  2","Black",1,3004.dat,0
"Brick  1 x  2","Blue",2,3004.dat,1
"Plate  2 x  4","Black",1,3020.dat,0
"Plate  2 x  2","Black",3,3022.dat,0
"~Moved to 3023b","Black",1,3023.dat,0
"~Moved to 3023b","Blue",1,3023.dat,1
"Plate  1 x  1","Black",2,3024.dat,0
"Plate  1 x  1","Trans Red",2,3024.dat,36
"Plate  1 x  1","Trans Yellow",2,3024.dat,46
"Plate  4 x  4","Blue",1,3031.dat,1
"Minifig Head with Standard Grin Pattern (Blocked Hollow Stud)","Yellow",1,3626bp01.dat,14
"Plate  1 x  4","Black",5,3710.dat,0
"Plate  1 x  4","Blue",2,3710.dat,1
"Car Mudguard  2 x  4","Black",1,3788.dat,0
"~Minifig Hips (Obsolete)","Blue",1,3815.dat,1
"~Minifig Leg Right (Obsolete)","Blue",1,3816.dat,1
"~Minifig Leg Left (Obsolete)","Blue",1,3817.dat,1
"Minifig Arm Right","Blue",1,3818.dat,1
"Minifig Arm Left","Blue",1,3819.dat,1
"Minifig Hand","Yellow",2,3820.dat,14
"Door  1 x  3 x  1 Right","Blue",1,3821.dat,1
"Door  1 x  3 x  1 Left","Blue",1,3822.dat,1
"Windscreen  2 x  4 x  2","Trans Clear",1,3823.dat,47
"Car Steering Stand and Wheel (Complete)","Blue",1,3829c01.dat,1
"Plate  2 x 10","Black",1,3832.dat,0
"Minifig Shovel","Dark Grey",1,3837.dat,8
"Minifig Hair Male","Brown",1,3901.dat,6
"Minifig Radio with Short Handle","Black",1,3962a.dat,0
"Brick  1 x  1 with Headlight","Blue",2,4070.dat,1
"Tyre  8/ 75 x  8 Offset Tread","Rubber Black",5,4084.dat,256
"Plate  1 x  1 with Clip Vertical (Thin C-Clip)","Blue",2,4085a.dat,1
"Plate  1 x  2 with Ladder","Black",1,4175.dat,0
"Car Base  4 x  5","Black",1,4211.dat,0
"Hinge Car Roof  4 x  4","Blue",1,4213.dat,1
"Hinge Car Roof Holder  1 x  4 x  2","Blue",1,4214.dat,1
"Panel  1 x  4 x  3 with White UNICEF Logo Pattern","Blue",2,4215ap10.dat,1
"Plate  2 x  2 with 1 Wheel Pin","Black",1,4488.dat,0
"Plate  2 x  2 with 2 Wheel Pins","Light Grey",2,4600.dat,7
"Wheel Rim  6.4 x  8","Light Grey",5,4624.dat,7
"Minifig Torso with Patch Pocket Pattern","Blue",1,973p26.dat,1
